{"stats":{"minecraft:dropped":{"promenade:blunite":1,"minecraft:stick":4},"minecraft:custom":{"minecraft:open_chest":1,"minecraft:time_since_rest":27218,"minecraft:crouch_one_cm":387,"minecraft:play_time":27218,"minecraft:sprint_one_cm":11987,"minecraft:walk_one_cm":25193,"minecraft:sneak_time":709,"minecraft:drop":5,"minecraft:jump":141,"minecraft:time_since_death":27218,"minecraft:leave_game":1,"minecraft:total_world_time":27218,"minecraft:fly_one_cm":55243},"minecraft:mined":{"minecraft:large_fern":3,"minecraft:spruce_log":17,"minecraft:spruce_leaves":1},"minecraft:crafted":{"minecraft:crafting_table":1,"minecraft:spruce_planks":10,"minecraft:stick":4},"minecraft:picked_up":{"minecraft:spruce_sapling":2,"minecraft:spruce_log":16},"minecraft:used":{"mcwroofs:jungle_planks_top_roof":8,"mcwroofs:gray_terracotta_attic_roof":1,"promenade:capybara_spawn_egg":1,"minecraft:netherite_axe":16,"minecraft:chest":1,"minecraft:spruce_sapling":1,"plushies:dragon_plushie":1}},"DataVersion":3465}