{"stats":{"minecraft:dropped":{"promenade:blunite":1},"minecraft:custom":{"minecraft:jump":52,"minecraft:time_since_rest":15218,"minecraft:sprint_one_cm":5840,"minecraft:leave_game":1,"minecraft:play_time":15218,"minecraft:time_since_death":15218,"minecraft:walk_one_cm":11482,"minecraft:sneak_time":104,"minecraft:total_world_time":15218,"minecraft:drop":1,"minecraft:fly_one_cm":21192},"minecraft:mined":{"minecraft:large_fern":3,"minecraft:spruce_leaves":1,"minecraft:spruce_log":3},"minecraft:crafted":{"minecraft:crafting_table":1,"minecraft:spruce_planks":10,"minecraft:stick":4},"minecraft:picked_up":{"minecraft:spruce_log":3},"minecraft:used":{"promenade:capybara_spawn_egg":1}},"DataVersion":3465}